PharmGKBID	GeneName	GeneSymbol
PA117	COMT	COMT
PA121	CYP2A6	CYP2A6
PA123	CYP2B6	CYP2B6
PA134882405	GLDN	GLDN
PA134894421	E2F7	E2F7
PA134897613	ENOSF1	ENOSF1
PA134899373	C10orf11	C10orf11
PA134903681	ZNF423	ZNF423
PA134907925	FGD4	FGD4
PA134911502	SLC22A16	SLC22A16
PA134917440	EPM2AIP1	EPM2AIP1
PA143	DHFR	DHFR
PA154	SLC29A1	SLC29A1
PA156	ESR1	ESR1
PA164727568	WRAP53	WRAP53
PA24679	AKR1C3	AKR1C3
PA254	NOS3	NOS3
PA25411	BRCA1	BRCA1
PA25814	SETD4	SETD4
PA26121	CBR1	CBR1
PA26122	CBR3	CBR3
PA26551	CLCN6	CLCN6
PA27091	CYP19A1	CYP19A1
PA27092	CYP1A1	CYP1A1
PA27821	EPHA5	EPHA5
PA27844	ERBB2	ERBB2
PA28063	FCGR2A	FCGR2A
PA28065	FCGR3A	FCGR3A
PA28128	FGFR2	FGFR2
PA28130	FGFR4	FGFR4
PA28458	FZD3	FZD3
PA29698	IGF1R	IGF1R
PA30612	MAP4K4	MAP4K4
PA31744	NQO1	NQO1
PA31745	NQO2	NQO2
PA34862	RRAS2	RRAS2
PA36017	SOD2	SOD2
PA36400	TCL1A	TCL1A
PA36679	TP53	TP53
PA37301	VDR	VDR
PA38100	TUBB1	TUBB1
PA397	ABCC4	ABCC4
PA426	SLC28A3	SLC28A3
PA75	CCND1	CCND1
PA124	CYP2C19	CYP2C19
PA159	F5	F5
PA205	ITGB3	ITGB3
PA267	ABCB1	ABCB1
PA293	PTGS2	PTGS2
PA327	SLC19A1	SLC19A1
PA134882361	REEP5	REEP5
PA134887081	COL26A1	COL26A1
PA134914395	PAPLN	PAPLN
PA134916697	RFK	RFK
PA145008433	METTL21A	METTL21A
PA162382924	CUX1	CUX1
PA162395090	MDGA2	MDGA2
PA180	GRK5	GRK5
PA24580	ADM	ADM
PA25382	BMP5	BMP5
PA261	SERPINE1	SERPINE1
PA26649	SBF2	SBF2
PA26874	CRHR1	CRHR1
PA26875	CRHR2	CRHR2
PA27478	DRD2	DRD2
PA27479	DRD3	DRD3
PA28494	GABRA6	GABRA6
PA28503	GABRP	GABRP
PA28504	GABRQ	GABRQ
PA28529	GAL	GAL
PA28644	GDNF	GDNF
PA28716	GLDC	GLDC
PA28968	GRIA3	GRIA3
PA28976	GRIK4	GRIK4
PA29009	GSK3B	GSK3B
PA30673	MC1R	MC1R
PA33886	PSMB4	PSMB4
PA34630	RORA	RORA
PA34925	SACM1L	SACM1L
PA35	ADRA2A	ADRA2A
PA36124	SRP19	SRP19
PA36362	TBX21	TBX21
PA38213	UST	UST
PA38302	TXNRD2	TXNRD2
PA83	CACNA1C	CACNA1C
PA128	CYP2D6	CYP2D6
PA39	ADRB2	ADRB2
PA37302	VEGFA	VEGFA
PA113	CHRNA3	CHRNA3
PA165478483	AGPHD1	AGPHD1
PA24684	AKT1	AKT1
PA26711	COL18A1	COL18A1
PA27699	EIF3A	EIF3A
PA33942	PTEN	PTEN
PA35061	HLA-DOB	HLA-DOB
PA390	ABCG2	ABCG2
PA432	GGH	GGH
PA7360	EGFR	EGFR
PA116	ABCC2	ABCC2
PA125	CYP2C8	CYP2C8
PA131	CYP3A5	CYP3A5
PA244	ABCC1	ABCC1
PA24468	ACTG1	ACTG1
PA25302	BCL2	BCL2
PA26056	CAPG	CAPG
PA31945	OPRM1	OPRM1
PA36027	SOX10	SOX10
PA134907818	NUBPL	NUBPL
PA36593	TNFAIP3	TNFAIP3
PA145	DPYD	DPYD
PA29705	IGFBP3	IGFBP3
PA37422	XRCC3	XRCC3
PA245	MTHFR	MTHFR
PA24456	ACTA2	ACTA2
PA28016	FBN1	FBN1
PA30526	SMAD3	SMAD3
PA31367	MYH11	MYH11
PA31388	MYLK	MYLK
PA36485	TGFBR1	TGFBR1
PA36486	TGFBR2	TGFBR2
PA107	CES1	CES1
PA134865839	SLCO1B1	SLCO1B1
PA164724093	NOS2	NOS2
PA25234	BACH1	BACH1
PA27535	DUX1	DUX1
PA30540	MAFK	MAFK
PA35066	HLA-DQA1	HLA-DQA1
PA35068	HLA-DQB1	HLA-DQB1
PA37418	XPO1	XPO1
PA435	TNF	TNF
PA355	TPH1	TPH1
PA162375571	ACTC1	ACTC1
PA231	LMNA	LMNA
PA28707	GLA	GLA
PA31351	MYBPC3	MYBPC3
PA31374	MYH7	MYH7
PA31380	MYL2	MYL2
PA31381	MYL3	MYL3
PA33752	PRKAG2	PRKAG2
PA36636	TNNI3	TNNI3
PA36638	TNNT2	TNNT2
PA36690	TPM1	TPM1
PA38	ADRB1	ADRB1
PA98	CDA	CDA
PA376	ABCC3	ABCC3
PA134963132	NUDT15	NUDT15
PA24393	ABCC11	ABCC11
PA27142	DAPK1	DAPK1
PA29862	IMPDH1	IMPDH1
PA361	UGT2B7	UGT2B7
PA134872551	ANKK1	ANKK1
PA193	HTR2A	HTR2A
PA228	LEP	LEP
PA24598	ADRB3	ADRB3
PA27955	FAAH	FAAH
PA28725	GLP1R	GLP1R
PA30676	MC4R	MC4R
PA312	SLC6A4	SLC6A4
PA37395	WT1	WT1
PA108	CETP	CETP
PA132	CYP7A1	CYP7A1
PA165543631	SIK3	SIK3
PA229	LEPR	LEPR
PA24373	ABCA1	ABCA1
PA24887	APOA4	APOA4
PA24888	APOA5	APOA5
PA25107	ATP2B1	ATP2B1
PA27380	DMPK	DMPK
PA27614	EDN1	EDN1
PA297	REN	REN
PA38274	TOMM40	TOMM40
PA51	APOC1	APOC1
PA126	CYP2C9	CYP2C9
PA133787052	VKORC1	VKORC1
PA288	PTGER3	PTGER3
PA122	CYP3A7	CYP3A7
PA28469	G6PD	G6PD
PA378	NR1I2	NR1I2
PA37174	UGT1A10	UGT1A10
PA27502	DSG2	DSG2
PA60	ARRB2	ARRB2
PA33759	PRKCA	PRKCA
PA38104	WNT5B	WNT5B
PA29837	IL6ST	IL6ST
PA31768	NRAS	NRAS
PA27512	DTNBP1	DTNBP1
PA29808	IL1B	IL1B
PA28941	GRK4	GRK4
PA33130	PDE4D	PDE4D
PA134953249	BDNF-AS	BDNF-AS
PA162397475	NGF	NGF
PA31818	NTRK2	NTRK2
PA31891	BDNF	BDNF
PA211	KCNE1	KCNE1
PA194	HTR2C	HTR2C
PA35056	HLA-B	HLA-B
PA29498	HSPA1A	HSPA1A
PA31784	NRP2	NRP2
PA28611	GCKR	GCKR
PA142672032	CYCSP5	CYCSP5
PA18	NAT2	NAT2
PA182	GSTM1	GSTM1
PA420	UGT1A1	UGT1A1
PA239	MGMT	MGMT
PA29028	GSTP1	GSTP1
PA26300	CDH4	CDH4
PA33725	PRDX4	PRDX4
PA26448	CHAT	CHAT
PA37423	XRCC4	XRCC4
PA130	CYP3A4	CYP3A4
PA134903108	DCBLD1	DCBLD1
PA134931380	SYNE3	SYNE3
PA27433	DYNC2H1	DYNC2H1
PA38103	YAP1	YAP1
PA35819	SLC16A7	SLC16A7
PA43	AGTR1	AGTR1
PA32868	P2RY1	P2RY1
PA37972	SMYD3	SMYD3
PA341	SULT1A2	SULT1A2
PA343	SULT1A1	SULT1A1
PA31133	MSH2	MSH2
PA24346	PTGS1	PTGS1
PA33557	PPARD	PPARD
PA301	sodium channel, voltage-gated, type I, alpha subunit	SCN1A
PA28075	farnesyl diphosphate synthase	FDPS
PA34896	RYR1	RYR1
PA37413	XPC	XPC
PA142672084	COQ2	COQ2
PA37173	UGT1A	UGT1A
PA34	ADRA1A	ADRA1A
PA50	APOB	APOB
PA28612	GCLC	GCLC
PA300	RYR2	RYR2
PA134952671	IFNL3	IFNL3
PA27075	CYBA	CYBA
PA29016	GSTA1	GSTA1
PA31465	NCF4	NCF4
PA166049147	IFNL4	IFNL4
PA26503	CHST3	CHST3
PA24825	ANXA11	ANXA11
PA28654	GFRA2	GFRA2
PA134908144	C9orf72	C9orf72
PA33603	PPM1A	PPM1A
PA35057	major histocompatibility complex, class I, C	HLA-C
PA235	LTC4S	LTC4S
PA37134	UBE2I	UBE2I
PA26412	AGAP1	AGAP1
PA221	KCNMB1	KCNMB1
PA35064	HLA-DPB1	HLA-DPB1
PA46	ALOX5	ALOX5
PA26840	CPS1	CPS1
PA35911	SLC6A5	SLC6A5
PA333	SLC22A5	SLC22A5
PA359	thymidylate synthetase	TYMS
PA134924986	DAOA	DAOA
PA28586	GATA binding protein 3	GATA3
PA38726	KCNT2	KCNT2
PA162	F13A1	F13A1
PA134987112	OR10AE3P	OR10AE3P
PA29648	IFIT1	IFIT1
PA31472	NCOA3	NCOA3
PA134971947	purinergic receptor P2Y, G-protein coupled, 12	P2RY12
PA118	SLC31A1	SLC31A1
PA31801	5'-nucleotidase, cytosolic II	NT5C2
PA34994	SCGB3A1	SCGB3A1
PA31802	NT5C3A	NT5C3A
PA38478	solute carrier family 22 (organic anion/urate transporter), member 12	SLC22A12
PA36380	HNF1 homeobox A	HNF1A
PA134953776	MAML3	MAML3
PA33357	PKP2	PKP2
PA25263	PRRC2A	PRRC2A
PA25929	LSM2	LSM2
PA176	guanine nucleotide binding protein (G protein), beta polypeptide 3	GNB3
PA37886	SLC26A9	SLC26A9
PA80	bradykinin receptor B2	BDKRB2
PA29020	GSTA6P	GSTA6P
PA142672353	C8orf34	C8orf34
PA212	potassium voltage-gated channel, subfamily H (eag-related), member 2	KCNH2
PA28162	FK506 binding protein 5	FKBP5
PA30196	v-Ki-ras2 Kirsten rat sarcoma viral oncogene homolog	KRAS
PA25465	BTRC	BTRC
PA28784	GNG2	GNG2
PA32416	olfactory receptor, family 52, subfamily J, member 3	OR52J3
PA29863	IMP (inosine 5'-monophosphate) dehydrogenase 2	IMPDH2
PA24429	ACSS2	ACSS2
PA35055	HLA-A	HLA-A
PA34949	TSPAN31	TSPAN31
PA31352	myosin binding protein H	MYBPH
PA213	potassium inwardly-rectifying channel, subfamily J, member 1	KCNJ1
PA28057	Fc fragment of IgE, high affinity I, receptor for; gamma polypeptide	FCER1G
PA192	5-hydroxytryptamine (serotonin) receptor 1A, G protein-coupled	HTR1A
PA24412	ATP-binding cassette, sub-family G (WHITE), member 8	ABCG8
PA158	coagulation factor III (thromboplastin, tissue factor)	F3
PA223	potassium voltage-gated channel, KQT-like subfamily, member 1	KCNQ1
PA372	MAD1 mitotic arrest deficient-like 1 (yeast)	MAD1L1
PA103	cyclin-dependent kinase 6	CDK6
PA36296	T, brachyury homolog (mouse)	T
PA24357	alpha-2-macroglobulin	A2M
PA33782	WNK lysine deficient protein kinase 1	WNK1
PA227	LDLR	LDLR
PA38617	PCSK9	PCSK9
PA134863701	solute carrier family 39 (zinc transporter), member 14	SLC39A14
PA27114	CYP3A	CYP3A
PA35006	SCN4A	SCN4A
PA134959224	ZBTB4	ZBTB4
PA31580	NF2	NF2
PA37307	VHL	VHL
PA34068	phosphorylase, glycogen, liver	PYGL
PA353	topoisomerase (DNA) I	TOP1
PA30746	multiple endocrine neoplasia I	MEN1
PA134976380	ACN9	ACN9
PA31581	NFAT5	NFAT5
PA30470	LSAMP	LSAMP
PA167	folylpolyglutamate synthase	FPGS
PA33921	psoriasis susceptibility 1 candidate 3 (non-protein coding)	PSORS1C3
PA295	retinoblastoma 1	RB1
PA29807	interleukin 1, alpha	IL1A
PA34335	ret proto-oncogene	RET
PA183	GSTT1	GSTT1
PA134947616	EIF2AK4	EIF2AK4
PA134957776	PSMD14	PSMD14
PA134968746	NPAS3	NPAS3
PA134982275	HRH4	HRH4
PA134984780	CERKL	CERKL
PA162396840	NALCN	NALCN
PA162397442	NEFM	NEFM
PA162409715	ZFP91-CNTF	ZFP91-CNTF
PA162410599	ZNF804A	ZNF804A
PA165429121	SKOR2	SKOR2
PA220	KCNMA1	KCNMA1
PA25018	ARVCF	ARVCF
PA25428	CELF4	CELF4
PA26287	CDH13	CDH13
PA26485	CHRM4	CHRM4
PA26491	CHRNA5	CHRNA5
PA26681	CNR1	CNR1
PA26683	CNTF	CNTF
PA26688	CNTN4	CNTN4
PA26947	CSMD1	CSMD1
PA27681	EHF	EHF
PA28502	GABRG3	GABRG3
PA28682	GIPR	GIPR
PA28992	GRM3	GRM3
PA29458	HRH3	HRH3
PA29537	HSPG2	HSPG2
PA29555	HTR3A	HTR3A
PA30451	LRP1B	LRP1B
PA30498	LYN	LYN
PA30701	MCPH1	MCPH1
PA311	SLC6A3	SLC6A3
PA31778	NRG3	NRG3
PA325	SLC18A2	SLC18A2
PA32857	OXT	OXT
PA33379	PLAGL1	PLAGL1
PA335	SREBF1	SREBF1
PA33765	PRKCE	PRKCE
PA34022	PTPRN2	PTPRN2
PA34372	RGS2	RGS2
PA35826	SLC1A1	SLC1A1
PA36568	TMEFF2	TMEFF2
PA329	SLC22A1	SLC22A1
PA34163	RAC2	RAC2
PA155	ERCC1	ERCC1
PA189	HMGCR	HMGCR
PA369	XRCC1	XRCC1
PA26170	CCR5	CCR5
PA29670	IFNAR1	IFNAR1
PA350	TGFB1	TGFB1
PA35071	HLA-DRA	HLA-DRA
PA35072	HLA-DRB1	HLA-DRB1
PA356	TPMT	TPMT
PA198	IL6	IL6
PA217	KCNJ11	KCNJ11
PA256	NPPA	NPPA
PA27121	CYP4F2	CYP4F2
PA134931098	PDZRN3	PDZRN3
PA142672156	CD3EAP	CD3EAP
PA162388608	FKBP15	FKBP15
PA25252	BAIAP3	BAIAP3
PA27491	DSCAM	DSCAM
PA27720	EIF4E2	EIF4E2
PA27829	EPHX1	EPHX1
PA27903	ETS2	ETS2
PA28953	GPX5	GPX5
PA29504	HSPA5	HSPA5
PA30592	MAP3K1	MAP3K1
PA33308	PIK3CA	PIK3CA
PA33384	PLCB1	PLCB1
PA34183	RAF1	RAF1
PA34195	PPP1R13L	PPP1R13L
PA34809	RPS20P2	RPS20P2
PA35647	SEMA3C	SEMA3C
PA38382	TIGD1	TIGD1
PA386	SLC28A2	SLC28A2
PA134944477	GADL1	GADL1
PA24433	ASIC2	ASIC2
PA25321	BCR	BCR
PA26016	CACNG2	CACNG2
PA26904	CRY1	CRY1
PA27510	DTNA	DTNA
PA28241	FOXP1	FOXP1
PA29979	ITPR2	ITPR2
PA31471	NCOA2	NCOA2
PA31819	NTRK3	NTRK3
PA32403	OR52E2	OR52E2
PA32415	OR52J2P	OR52J2P
PA37400	XBP1	XBP1
PA129	CYP2E1	CYP2E1
PA137	DCK	DCK
PA24570	ADH1A	ADH1A
PA298	RRM1	RRM1
PA299	RRM2	RRM2
PA34866	RRM2B	RRM2B
PA36249	SULT2B1	SULT2B1
PA53	APOC3	APOC3
PA128747823	TPH2	TPH2
PA134947113	RUSC1	RUSC1
PA27886	ESR2	ESR2
PA33352	PKLR	PKLR
PA35041	COL1A1	COL1A1
PA162407502	TYMP	TYMP
PA115	CHRNB2	CHRNB2
PA26496	CHRNB4	CHRNB4
PA164718734	DDRGK1	DDRGK1
PA29973	ITPA	ITPA
PA134888949	C18orf21	C18orf21
PA304	SCN5A	SCN5A
PA134943193	ARID5B	ARID5B
PA27097	CYP24A1	CYP24A1
PA29777	IKBKG	IKBKG
PA27093	CYP1A2	CYP1A2
PA130546913	CACNA2D4	CACNA2D4
PA134899581	BCKDK	BCKDK
PA165450635	PRSS53	PRSS53
PA28660	GGCX	GGCX
PA88	CACNB2	CACNB2
PA28587	GATA4	GATA4
PA37182	UGT1A7	UGT1A7
PA134871907	TMEM43	TMEM43
PA27489	DSC2	DSC2
PA27505	DSP	DSP
PA30432	LPA	LPA
PA26425	CFLAR	CFLAR
PA33545	POU5F1	POU5F1
PA33919	PSORS1C1	PSORS1C1
PA33532	POR	POR
PA29500	HSPA1L	HSPA1L
PA38266	SMCR8	SMCR8
PA134886513	MOB3B	MOB3B
PA42	AGT	AGT
PA134920075	KIF6	KIF6
PA30049	KCNJ6	KCNJ6
PA318	SLC10A2	SLC10A2
PA31134	MSH3	MSH3
PA164718184	CSRNP3	CSRNP3
PA26394	CELSR2	CELSR2
PA142671120	PSRC1	PSRC1
PA162382539	CMPK1	CMPK1
PA37181	UGT1A6	UGT1A6
PA136	DBH	DBH
PA26316	CDK9	CDK9
PA271	PLA2G4A	PLA2G4A
PA37750	IKZF3	IKZF3
PA37034	tuberous sclerosis 1	TSC1
PA58	ABCC6	ABCC6
PA30867	MMP1	MMP1
PA33948	PTGES	PTGES
PA26494	CHRNB1	CHRNB1
PA30616	MAPK1	MAPK1
PA30783	MGAT4B	MGAT4B
PA162390303	GSDMB	GSDMB
PA26971	CSRP3	CSRP3
PA38278	TP53INP1	TP53INP1
PA134935109	IL23R	IL23R
PA45	ALOX12	ALOX12
PA31647	NLGN1	NLGN1
PA26946	CSK	CSK
PA27327	DHODH	DHODH
PA280	PPARA	PPARA
PA31277	5-methyltetrahydrofolate-homocysteine methyltransferase reductase	MTRR
PA152208656	fat mass and obesity associated	FTO
PA28537	UDP-N-acetyl-alpha-D-galactosamine:polypeptide N-acetylgalactosaminyltransferase 2 (GalNAc-T2)	GALNT2
PA36101	SPTA1	SPTA1
PA25264	BAT3	BAG6
PA134991391	CEP68	CEP68
PA26411	AGAP2	AGAP2
PA32958	paired box 4	PAX4
PA37288	VCL	VCL
PA419	UDP glucuronosyltransferase 1 family, polypeptide A9	UGT1A9
PA25121	ATP5A1P3	ATP5A1P3
PA31435	NAGA	NAGA
PA143485373	C12orf43	C12orf43
PA134978045	FSTL5	FSTL5
PA26609	clock circadian regulator	CLOCK
PA140	dopa decarboxylase (aromatic L-amino acid decarboxylase)	DDC
PA24345	leukotriene A4 hydrolase	LTA4H
PA204	integrin, alpha 2 (CD49B, alpha 2 subunit of VLA-2 receptor)	ITGA2
PA30886	matrix metallopeptidase 3 (stromelysin 1, progelatinase)	MMP3
PA306	sodium channel, non-voltage-gated 1, beta subunit	SCNN1B
PA162403808	solute carrier family 47, member 1	SLC47A1
PA134920045	MARCH9	MARCH9
PA36552	toll-like receptor 4	TLR4
PA31817	neurotrophic tyrosine kinase, receptor, type 1	NTRK1
PA162393424	kinesin light chain 1	KLC1
PA142671750	fibrous sheath interacting protein 1	FSIP1
PA26242	CD84	CD84
PA36399	TCIRG1	TCIRG1
PA26978	CST5	CST5
PA134980674	rhomboid 5 homolog 2 (Drosophila)	RHBDF2
PA25305	BCL2-like 11 (apoptosis facilitator)	BCL2L11
PA29832	interleukin 4 receptor	IL4R
PA33705	prolylcarboxypeptidase (angiotensinase C)	PRCP
PA31879	2'-5'-oligoadenylate synthetase-like	OASL
PA24947	arginase 1	ARG1
PA31552	NELL1	NELL1
PA31875	OAS1	OAS1
PA33448	PMS2 postmeiotic segregation increased 2 (S. cerevisiae)	PMS2
PA240	mutL homolog 1, colon cancer, nonpolyposis type 2 (E. coli)	MLH1
PA184	mutS homolog 6 (E. coli)	MSH6
PA31328	mutY homolog (E. coli)	MUTYH
PA134925480	CERS6	CERS6
PA26736	COLEC10	COLEC10
PA36394	TCF7L2	TCF7L2
PA134956204	C18orf56	C18orf56
PA30	ADCY9	ADCY9
PA147	DRD1	DRD1
PA27094	CYP1B1	CYP1B1
PA27810	EPB41	EPB41
PA28545	GALR1	GALR1
PA28983	GRIN3A	GRIN3A
PA37186	UGT2B10	UGT2B10
PA55	APOE	APOE
PA35753	SHMT1	SHMT1
PA142671259	NOS1AP	NOS1AP
PA120	CRP	CRP
PA134906523	CES1P1	CES1P1
PA139	ACE	ACE
PA24536	ADAMTS1	ADAMTS1
PA27112	CYP2J2	CYP2J2
PA31	ADD1	ADD1
PA305	SCNN1A	SCNN1A
PA29778	IL10	IL10
PA30475	LTB	LTB
PA37856	LST1	LST1
PA34897	RYR3	RYR3
PA26074	NOD2	NOD2
PA31272	MTR	MTR
PA29024	GSTM3	GSTM3
PA418	UPB1	UPB1
PA35844	SLCO1B3	SLCO1B3
PA31236	MTHFD1	MTHFD1
PA36508	THRB	THRB
PA31588	NFE2L2	NFE2L2
PA31699	NPC1L1	NPC1L1
PA24875	APC	APC
PA24413	ABL1	ABL1
PA29270	HGFAC	HGFAC
PA134908392	ULK3	ULK3
PA134960779	GPR98	GPR98
PA26716	COL3A1	COL3A1
PA30877	MMP2	MMP2
PA36601	TNFRSF11A	TNFRSF11A
PA29843	CXCR2	CXCR2
PA24571	ADH1B	ADH1B
PA29549	HTR1B	HTR1B
PA31942	OPRD1	OPRD1
PA29977	ITPKC	ITPKC
PA291	PTGIR	PTGIR
PA142670838	TANC1	TANC1
PA145148868	FASTKD3	FASTKD3
PA287	PTGER2	PTGER2
PA34020	PTPRM	PTPRM
PA35811	solute carrier family 14 (urea transporter), member 2	SLC14A2
PA27331	CYB5R3	CYB5R3
PA34742	RPL38P1	RPL38P1
PA134988974	ADCK4	ADCK4
PA164718673	SPECC1L	SPECC1L
PA35908	SLC6A12	SLC6A12
PA25294	BCHE	BCHE
PA142672368	C8orf49	C8orf49
PA33920	PSORS1C2	PSORS1C2
PA28393	ALDH1L1	ALDH1L1
PA102	CDK4	CDK4
PA166	flavin containing monooxygenase 3	FMO3
PA31564	neuronal differentiation 1	NEUROD1
PA37178	UDP glucuronosyltransferase 1 family, polypeptide A3	UGT1A3
PA134889143	DCP1B	DCP1B
PA162399233	platelet endothelial aggregation receptor 1	PEAR1
PA27848	excision repair cross-complementing rodent repair deficiency, complementation group 2	ERCC2
PA26864	cAMP responsive element binding protein 1	CREB1
PA268	ATP-binding cassette, sub-family B (MDR/TAP), member 4	ABCB4
PA337	signal transducer and activator of transcription 3 (acute-phase response factor)	STAT3
PA24583	adenosine A1 receptor	ADORA1
PA29349	HNF4A	HNF4A
PA391	NR1I3	NR1I3
PA28183	fms-related tyrosine kinase 4	FLT4
PA36198	STK11	STK11
PA85	calcium channel, voltage-dependent, L type, alpha 1S subunit	CACNA1S
PA29196	hyaluronan synthase 3	HAS3
PA24697	aldehyde dehydrogenase 3 family, member A1	ALDH3A1
PA377	carboxylesterase 2	CES2
PA25273	BAZ2B	BAZ2B
PA24584	ADORA2A	ADORA2A
PA37035	TSC2	TSC2
PA134972608	homer homolog 1 (Drosophila)	HOMER1
PA114	CHRNA7	CHRNA7
PA35158	IGHV1-67	IGHV1-67
PA142671588	KLC3	KLC3
PA162398721	PARD3B	PARD3B
PA24408	ABCG1	ABCG1
PA28205	FOLH1	FOLH1
PA28980	GRIN2B	GRIN2B
PA395	ABCC5	ABCC5
PA134873425	LUC7L2	LUC7L2
PA134992686	YEATS4	YEATS4
PA164715867	ARAP1	ARAP1
PA26276	CDCA3	CDCA3
PA29091	H19	H19
PA292	PTGIS	PTGIS
PA296	RELA	RELA
PA30041	KCNIP1	KCNIP1
PA30852	MLLT3	MLLT3
PA30864	MME	MME
PA31751	NR1H3	NR1H3
PA31826	NUCB2	NUCB2
PA33122	PDE1A	PDE1A
PA33812	PROX1	PROX1
PA34180	RAD52	RAD52
PA35099	HOXC@	HOXC@
PA37253	USP5	USP5
PA38055	NELFCD	NELFCD
PA134920089	GALNT14	GALNT14
PA164741534	FMO2	FMO2
PA190	HNMT	HNMT
PA24577	ADH7	ADH7
PA24692	ALDH1A1	ALDH1A1
PA30077	KCNQ5	KCNQ5
PA36067	SPG7	SPG7
PA37180	UGT1A5	UGT1A5
PA387	SLC28A1	SLC28A1
PA307	SCNN1G	SCNN1G
PA134890284	INSIG2	INSIG2
PA36551	TLR3	TLR3
PA332	SLC22A4	SLC22A4
PA33529	PON1	PON1
PA281	PPARG	PPARG
PA363	UMPS	UMPS
PA164722907	MIR611	MIR611
PA25478	TMEM258	TMEM258
PA27973	FADS1	FADS1
PA28090	FEN1	FEN1
PA24842	AOX1	AOX1
PA37179	UGT1A4	UGT1A4
PA162403847	SLC47A2	SLC47A2
PA28973	GRIK1	GRIK1
PA24572	ADH1C	ADH1C
PA29556	HTR3B	HTR3B
PA25412	BRCA2	BRCA2
PA26188	CD14	CD14
PA34890	RXRA	RXRA
PA29226	HDAC1	HDAC1
PA28058	FCER2	FCER2
PA29784	IL12A	IL12A
PA97	SCARB1	SCARB1
PA162405070	SULT1C4	SULT1C4
PA26050	CAMK4	CAMK4
PA112	CHRM3	CHRM3
PA32821	ORMDL3	ORMDL3
PA348	TBXA2R	TBXA2R
PA29709	IGFBP7	IGFBP7
PA29800	IL17F	IL17F
PA142672417	C1orf167	C1orf167
PA27119	CYP4B1	CYP4B1
PA30868	MMP10	MMP10
PA164715938	ARAP2	ARAP2
PA24693	ALDH1A2	ALDH1A2
PA134935907	ZNF432	ZNF432
PA36597	TNFRSF10A	TNFRSF10A
PA33373	PAPPA2	PAPPA2
PA30889	matrix metallopeptidase 9 (gelatinase B, 92kDa gelatinase, 92kDa type IV collagenase)	MMP9
PA24933	AREG	AREG
PA37183	UDP glucuronosyltransferase 1 family, polypeptide A8	UGT1A8
PA30601	mitogen-activated protein kinase kinase kinase 5	MAP3K5
PA37404	xanthine dehydrogenase	XDH
PA28055	FCAR	FCAR
PA35020	serpin peptidase inhibitor, clade A (alpha-1 antiproteinase, antitrypsin), member 3	SERPINA3
PA34276	RNA binding motif, single stranded interacting protein 3	RBMS3
PA165432528	RAP1GAP2	RAP1GAP2
PA24696	aldehyde dehydrogenase 2 family (mitochondrial)	ALDH2
PA29841	IL8	IL8
PA32897	PACSIN2	PACSIN2
PA26663	CNGB3	CNGB3
PA134915546	SLC30A8	SLC30A8
PA165660382	MIR4278	MIR4278
PA30811	MICA	MICA
PA28927	GPR83	GPR83
PA321	SLC12A3	SLC12A3
PA35010	SCN9A	SCN9A
PA26058	CAPN10	CAPN10
PA27006	CTLA4	CTLA4
PA30474	LTA	LTA
PA26689	CNTN5	CNTN5
PA157	F2	F2
PA24641	AHR	AHR
PA24994	ARNT	ARNT
PA36085	SPP1	SPP1
PA36602	TNFRSF11B	TNFRSF11B
PA37425	XRCC5	XRCC5
PA37877	SRR	SRR
PA145008751	CCDC111	CCDC111
PA26087	CASP3	CASP3
PA38657	GLCCI1	GLCCI1
PA35573	CXCL5	CXCL5
PA162405810	TMCO6	TMCO6
PA134980627	POMT2	POMT2
PA29031	GSTZ1	GSTZ1
PA33760	PICK1	PICK1
PA35695	SFRP5	SFRP5
PA142671181	PHB2	PHB2
PA37	ADRA2C	ADRA2C
PA232	lipoprotein lipase	LPL
PA134871908	C6orf170	C6orf170
PA30763	met proto-oncogene (hepatocyte growth factor receptor)	MET
PA230	lipase, hepatic	LIPC
PA349	thromboxane A synthase 1 (platelet)	TBXAS1
PA134914705	collagen, type XXII, alpha 1	COL22A1
PA197	interleukin 4	IL4
PA28824	glycoprotein VI (platelet)	GP6
PA164742099	microsomal triglyceride transfer protein	MTTP
PA134942677	MYLIP	MYLIP
PA164717802	CDKN2B antisense RNA 1	CDKN2B-AS1
PA28966	glutamate receptor, ionotropic, AMPA 1	GRIA1
PA34884	runt-related transcription factor 1	RUNX1
PA111	cholinergic receptor, muscarinic 2	CHRM2
PA134942738	CCHCR1	CCHCR1
PA164722236	MBLAC2	MBLAC2
PA27103	CYP2A7P1	CYP2A7P1
PA29781	IL11	IL11
PA36487	TGFBR3	TGFBR3
PA162395499	MED23	MED23
PA25985	CA10	CA10
PA27974	FADS2	FADS2
PA29701	IGF2R	IGF2R
PA29915	IRF1	IRF1
PA35083	HLA-G	HLA-G
PA35854	SLC24A4	SLC24A4
PA36331	TAPBP	TAPBP
PA27664	EGF	EGF
PA161	F12	F12
PA145007789	SNORD68	SNORD68
PA34670	RPL13	RPL13
PA72	ATP7A	ATP7A
PA421	TDP1	TDP1
PA25370	BLMH	BLMH
PA29802	IL18	IL18
PA30535	MAFB	MAFB
PA134884590	MED12L	MED12L
PA27785	ENG	ENG
PA340	SULT1E1	SULT1E1
PA289	PTGER4	PTGER4
PA24920	AQP2	AQP2
PA36042	SP1	SP1
PA27480	DRD4	DRD4
PA30729	MECP2	MECP2
PA162407840	UBASH3B	UBASH3B
PA33700	PRB2	PRB2
PA144596484	chromosome 11 open reading frame 65	C11orf65
PA134	cytochrome P450, family 11, subfamily B, polypeptide 2	CYP11B2
PA24770	AMHR2	AMHR2
PA24699	ALDH3B1	ALDH3B1
PA134925224	PSMB3P	PSMB3P
PA134907578	PKD1L3	PKD1L3
PA134964409	GBP6	GBP6
PA24503	ADA	ADA
PA33661	PPP1R9A	PPP1R9A
PA26468	CHKA	CHKA
PA61	ATM	ATM
PA79	BDKRB1	BDKRB1
PA35916	SLC6A9	SLC6A9
PA134887312	FAM19A5	FAM19A5
PA134986392	MARCH1	MARCH1
PA162395821	MEX3C	MEX3C
PA37398	WWOX	WWOX
PA31762	NR4A2	NR4A2
PA31109	MS4A2	MS4A2
PA30130	KL	KL
